<?xml version="1.0" encoding="UTF-8"?>
<randombs>
	<group>
		<BS>
			<location_x>400</location_x>
			<location_y>250</location_y>
			<Cache>true</Cache>
			<CacheSize>1000</CacheSize>
			<Radius>100</Radius>
		</BS>
		<BS>
			<location_x>300</location_x>
			<location_y>250</location_y>
			<Cache>true</Cache>
			<CacheSize>1000</CacheSize>
			<Radius>100</Radius>
		</BS>
	</group>
	<group>
		<BS>
			<location_x>450</location_x>
			<location_y>250</location_y>
			<Cache>true</Cache>
			<CacheSize>1000</CacheSize>
			<Radius>180</Radius>
		</BS>
		<BS>
			<location_x>400</location_x>
			<location_y>230</location_y>
			<Cache>true</Cache>
			<CacheSize>1000</CacheSize>
			<Radius>120</Radius>
		</BS>
		<BS>
			<location_x>460</location_x>
			<location_y>230</location_y>
			<Cache>true</Cache>
			<CacheSize>1000</CacheSize>
			<Radius>120</Radius>
		</BS>
		<BS>
			<location_x>480</location_x>
			<location_y>250</location_y>
			<Cache>true</Cache>
			<CacheSize>1200</CacheSize>
			<Radius>110</Radius>
		</BS>
		<BS>
			<location_x>440</location_x>
			<location_y>300</location_y>
			<Cache>true</Cache>
			<CacheSize>1300</CacheSize>
			<Radius>110</Radius>
		</BS>
	</group>
	<group>
	<BS>
			<location_x>500</location_x>
			<location_y>270</location_y>
			<Cache>true</Cache>
			<CacheSize>1300</CacheSize>
			<Radius>130</Radius>
		</BS>
		<BS>
			<location_x>200</location_x>
			<location_y>230</location_y>
			<Cache>true</Cache>
			<CacheSize>1300</CacheSize>
			<Radius>140</Radius>
		</BS>
		<BS>
			<location_x>300</location_x>
			<location_y>230</location_y>
			<Cache>true</Cache>
			<CacheSize>1300</CacheSize>
			<Radius>130</Radius>
		</BS>
		<BS>
			<location_x>250</location_x>
			<location_y>310</location_y>
			<Cache>true</Cache>
			<CacheSize>1300</CacheSize>
			<Radius>110</Radius>
		</BS>
	</group>
	<group>
		<BS>
			<location_x>4400</location_x>
			<location_y>240</location_y>
			<Cache>true</Cache>
			<CacheSize>1300</CacheSize>
			<Radius>150</Radius>
		</BS>
		<BS>
			<location_x>300</location_x>
			<location_y>220</location_y>
			<Cache>true</Cache>
			<CacheSize>1300</CacheSize>
			<Radius>150</Radius>
		</BS>
		<BS>
			<location_x>500</location_x>
			<location_y>230</location_y>
			<Cache>true</Cache>
			<CacheSize>1200</CacheSize>
			<Radius>150</Radius>
		</BS>
		<BS>
			<location_x>250</location_x>
			<location_y>300</location_y>
			<Cache>true</Cache>
			<CacheSize>1100</CacheSize>
			<Radius>150</Radius>
		</BS>
	</group>
	<group>
		<BS>
			<location_x>400</location_x>
			<location_y>290</location_y>
			<Cache>true</Cache>
			<CacheSize>1400</CacheSize>
			<Radius>140</Radius>
		</BS>
		<BS>
			<location_x>500</location_x>
			<location_y>220</location_y>
			<Cache>true</Cache>
			<CacheSize>1300</CacheSize>
			<Radius>140</Radius>
		</BS>
		<BS>
			<location_x>600</location_x>
			<location_y>220</location_y>
			<Cache>true</Cache>
			<CacheSize>1000</CacheSize>
			<Radius>140</Radius>
		</BS>
		<BS>
			<location_x>700</location_x>
			<location_y>220</location_y>
			<Cache>true</Cache>
			<CacheSize>1000</CacheSize>
			<Radius>140</Radius>
		</BS>
	</group>
	<group>
		<BS>
			<location_x>200</location_x>
			<location_y>300</location_y>
			<Cache>true</Cache>
			<CacheSize>900</CacheSize>
			<Radius>140</Radius>
		</BS>
		<BS>
			<location_x>300</location_x>
			<location_y>250</location_y>
			<Cache>true</Cache>
			<CacheSize>1000</CacheSize>
			<Radius>140</Radius>
		</BS>
		<BS>
			<location_x>400</location_x>
			<location_y>200</location_y>
			<Cache>true</Cache>
			<CacheSize>1000</CacheSize>
			<Radius>140</Radius>
		</BS>
	</group>
	<group>
		<BS>
			<location_x>300</location_x>
			<location_y>300</location_y>
			<Cache>true</Cache>
			<CacheSize>1000</CacheSize>
			<Radius>150</Radius>
		</BS>
		<BS>
			<location_x>300</location_x>
			<location_y>400</location_y>
			<Cache>true</Cache>
			<CacheSize>1000</CacheSize>
			<Radius>150</Radius>
		</BS>
		<BS>
			<location_x>370</location_x>
			<location_y>370</location_y>
			<Cache>true</Cache>
			<CacheSize>1000</CacheSize>
			<Radius>300</Radius>
		</BS>
	</group>
</randombs>